title,link,published,title_score,entities,topics
How to Pick a Financial Advisor,https://www.wsj.com/buyside/personal-finance/financial-tips/how-to-choose-financial-advisor?mod=rss_markets_main,2025-03-10 16:23:00,0.004239982,[],[]
Best High-Yield Savings Accounts of June 2025,https://www.wsj.com/buyside/personal-finance/banking/what-is-a-high-yield-savings-account?mod=rss_markets_main,2025-06-25 14:58:00,0.10020379,[],[]
The Uproar Over Affordability Is Coming for Insurers,https://www.wsj.com/finance/the-uproar-over-affordability-is-coming-for-insurers-3a85723a?mod=rss_markets_main,2026-01-22 10:30:00,-0.85457647,[],[]
Trump Sues JPMorgan for $5 Billion for Closing His Bank Accounts,https://www.wsj.com/finance/president-trump-sues-jpmorgan-for-5-billion-for-closing-his-bank-accounts-17892253?mod=rss_markets_main,2026-01-22 19:48:00,-0.9201865,['USA'],['FINANCIAL_SERVICES']
"EU green rules fail to boost funds’ ESG credentials, research finds",https://www.ft.com/content/75355371-12a7-4063-9e41-cdd305d2abfe,2026-01-23 05:00:12,0.80428684,['EU'],[]
Trump’s tariff ‘shock regime’ tests Wall Street’s mettle,https://www.ft.com/content/cb1a8211-ac60-4cb2-b68f-955f3d0f98f5,2026-01-23 05:00:22,0.3656445,['USA'],['TRADE']
The Japanese yield panic,https://www.ft.com/content/c1fb7620-aea6-49a9-b3d4-dd5d06f7c8fa,2026-01-23 06:30:02,-0.08438059,['JAPAN'],['BOND_MARKET']
The Medicare Charge That’s Taking a Bigger Bite Out of Social Security Checks,https://www.wsj.com/personal-finance/taxes/what-is-irmaa-medicare-social-security-c7e2860a?mod=rss_markets_main,2026-01-23 10:30:00,-0.5316674,[],[]
How Banks Can Appease Trump on Credit-Card Rates,https://www.wsj.com/finance/banking/how-banks-can-appease-trump-on-credit-card-rates-d53c5cc3?mod=rss_markets_main,2026-01-23 10:30:00,0.05632794,['USA'],[]
A better CAPE ratio,https://www.ft.com/content/84b8a579-8634-47de-a421-a1eb39c8577d,2026-01-23 12:47:30,0.4200183,[],[]
Opinion | Expose the Iran Money Trail,https://www.wsj.com/opinion/expose-the-iran-money-trail-98d58969?mod=rss_markets_main,2026-01-23 15:44:00,-0.18504128,['MIDDLE_EAST'],[]
Shares in Czech ammunition group surge 31% on stock market debut,https://www.ft.com/content/9796dc0a-6d51-4ce4-b67a-0c63ca3adf8e,2026-01-23 17:18:58,0.86913455,[],['EQUITY_MARKET']
The Taco trade has eaten itself,https://www.ft.com/content/5c1a2e77-6f41-4241-ad3e-66139f6dfac8,2026-01-23 18:00:08,-0.41329685,[],[]
Why It Pays to Check Your Tax Withholding This Year,https://www.wsj.com/personal-finance/taxes/why-it-pays-to-check-your-tax-withholding-this-year-6d443417?mod=rss_markets_main,2026-01-25 00:00:00,-0.039627053,[],[]
Memory stocks soar as investors hunt for new AI winners,https://www.ft.com/content/0a8743a8-a23e-4d93-aba9-b9d533310adc,2026-01-25 05:00:12,0.097233,[],"['EQUITY_MARKET', 'TECHNOLOGY']"
Can Trump and Big Pharma Get the World to Pay More for Drugs?,https://www.wsj.com/health/pharma/can-trump-and-big-pharma-get-the-world-to-pay-more-for-drugs-bfe5e31d?mod=rss_markets_main,2026-01-25 10:30:00,0.23228045,['USA'],[]
Wall Street Has Fallen Out of Love With Software Stocks,https://www.wsj.com/finance/investing/wall-street-has-fallen-out-of-love-with-software-stocks-b050b457?mod=rss_markets_main,2026-01-25 10:30:00,-0.8808372,[],"['EQUITY_MARKET', 'TECHNOLOGY']"
How Trump’s Ally at the Fed Is Remaking Bank Oversight,https://www.wsj.com/economy/central-banking/how-trumps-ally-at-the-fed-is-remaking-bank-oversight-b1f0fab3?mod=rss_markets_main,2026-01-26 01:00:00,0.055889465,"['USA', 'FEDERAL_RESERVE']","['CENTRAL_BANK', 'FINANCIAL_SERVICES']"
"European IPO market starts 2026 at record pace, sparking hope of revival",https://www.ft.com/content/264bf83c-7c5b-4ced-aa4e-edb9327f4986,2026-01-26 05:00:21,0.8734362,['EU'],"['EQUITY_MARKET', 'FINANCIAL_SERVICES']"
The Wait List for a Birkin or Rolex Is Getting Shorter,https://www.wsj.com/business/retail/the-wait-list-for-a-birkin-or-rolex-is-getting-shorter-fad4b109?mod=rss_markets_main,2026-01-26 10:30:00,-0.10362738,[],[]
The New Tax Rules That Can Get You a Bigger Refund This Year,https://www.wsj.com/personal-finance/taxes/tax-deductions-2025-refunds-7a6a64bd?mod=rss_markets_main,2026-01-26 10:30:00,0.5923558,[],[]
Trading 212 sold crypto-linked securities without authorisation,https://www.ft.com/content/aa086b23-f87c-41d9-a9a8-19758bad918c,2026-01-26 18:25:33,-0.017456844,[],[]
FTSE Russell aims to ease path for overseas groups to join City’s blue-chip index,https://www.ft.com/content/a90f88fc-cb0e-4f36-8990-5d6df2a364d3,2026-01-26 20:34:42,0.82205594,['UK'],['EQUITY_MARKET']
Opinion | DEI Turns Fair-Lending Laws on Their Head,https://www.wsj.com/opinion/dei-turns-fair-lending-laws-on-their-head-04faa69a?mod=rss_markets_main,2026-01-26 22:21:00,-0.25473166,[],[]
"Opinion | The Golden Age Arrives, if Not as Planned",https://www.wsj.com/opinion/gold-price-5000-markets-donald-trump-de17d26d?mod=rss_markets_main,2026-01-26 22:30:00,0.2964831,[],[]
"Dollar sinks to 4-month low and gold soars past $5,000 as yen leaps",https://www.ft.com/content/76fd82ae-8546-49ef-9774-cef6397f131f,2026-01-26 22:57:45,-0.8654165,"['USA', 'JAPAN', 'USD', 'JPY']","['CURRENCY_MOVEMENT', 'COMMODITY_PRECIOUS_METALS']"
Why Asia’s currencies have slumped against the dollar,https://www.ft.com/content/5aa3d80a-e5f0-48c4-9d90-c3085a8254a4,2026-01-27 04:42:59,-0.84237623,"['USA', 'ASIA', 'USD']",['CURRENCY_MOVEMENT']
US and Japan flirt with joint currency intervention,https://www.ft.com/content/5cc765e7-f269-41a6-aa6e-84526fab990c,2026-01-27 05:00:00,0.69985247,"['USA', 'JAPAN']",['CURRENCY_MOVEMENT']
The EU’s capital market strategy must support innovation,https://www.ft.com/content/98b19a01-e0cd-4334-9b6c-99973a160a66,2026-01-27 05:00:16,0.5559487,['EU'],[]
Yen steadies as Takaichi starts Japan election campaign,https://www.ft.com/content/0da606ae-c25a-4d3b-864a-67e898f4b861,2026-01-27 06:46:07,0.10721561,"['JAPAN', 'JPY']","['CURRENCY_MOVEMENT', 'GEOPOLITICAL_RISK']"
This $14 Billion Meme Stock Says It Is Developing a Herbal Remedy for Autism,https://www.wsj.com/finance/stocks/regencell-bioscience-holdings-stock-value-b1b859e3?mod=rss_markets_main,2026-01-27 10:30:00,0.21885005,[],['EQUITY_MARKET']
US health insurer shares fall on proposal to cut rise in Medicare payments,https://www.ft.com/content/cd12e11b-6bae-4238-8fc8-e93944578f6f,2026-01-27 16:29:05,-0.8870661,['USA'],"['EQUITY_MARKET', 'FINANCIAL_SERVICES']"
Nomura-backed crypto group Laser Digital seeks US banking licence,https://www.ft.com/content/74b07307-d105-4ce4-9f9d-25b35f242a7e,2026-01-27 17:00:07,0.14743792,['USA'],['COMMODITY_CRYPTO']
Opinion | The Answer to Trump’s Good Question About Interest Rates,https://www.wsj.com/opinion/the-answer-to-trumps-good-question-about-interest-rates-6d4c8c3f?mod=rss_markets_main,2026-01-27 17:48:00,0.28320953,['USA'],[]
Intervention will not reverse yen weakness,https://www.ft.com/content/a36ed1c8-9c13-48cd-beeb-c1e9d4619dca,2026-01-27 18:15:02,-0.03163658,"['JAPAN', 'JPY']",['CURRENCY_MOVEMENT']
"Former Citi Executive Sues Bank, Alleging Sexual Harassment",https://www.wsj.com/finance/banking/former-citi-executive-sues-bank-alleging-sexual-harassment-bbf6b5b0?mod=rss_markets_main,2026-01-27 20:28:00,-0.90193486,[],['FINANCIAL_SERVICES']
ADM to Pay $40 Million to Settle SEC Accounting Fraud Claims,https://www.wsj.com/finance/regulation/adm-to-pay-40-million-to-settle-sec-accounting-fraud-claims-ed36715a?mod=rss_markets_main,2026-01-28 00:27:00,-0.070535116,[],[]
Dollar slides as Trump says he is not concerned with its recent decline,https://www.ft.com/content/04c785c0-9ca4-4a85-a279-d95c9d8f1f80,2026-01-28 02:36:40,-0.78652084,"['USA', 'USD']",['CURRENCY_MOVEMENT']
Tether scores $5bn windfall as gold price rockets,https://www.ft.com/content/329900cb-80e5-4b75-8937-34774430da51,2026-01-28 05:00:16,0.47954357,[],"['COMMODITY_PRECIOUS_METALS', 'FINANCIAL_SERVICES']"
Swiss central bank under pressure as franc surges to decade high,https://www.ft.com/content/4eb0c9cc-3d81-4860-b59a-7696305ce48f,2026-01-28 05:00:25,0.10980201,['SWITZERLAND'],['FINANCIAL_SERVICES']
"ECB would need to act if euro keeps gaining, says Austria’s central bank governor",https://www.ft.com/content/de789f2d-c707-47e2-85e9-8d58a6a9dade,2026-01-28 05:00:25,0.4791826,"['EU', 'FRANCE', 'ECB', 'EUR']","['CENTRAL_BANK', 'CURRENCY_MOVEMENT', 'FINANCIAL_SERVICES']"
The comeback of European and UK growth stocks,https://www.ft.com/content/ef2f86d9-a3f8-491c-8754-03799f25b422,2026-01-28 05:00:25,0.19470826,"['UK', 'EU']","['EQUITY_MARKET', 'ECONOMIC_DATA']"
Gold climbs to record high after slide in dollar,https://www.ft.com/content/6fcdb700-96d1-4ee4-88fd-b0b4e4a73c0a,2026-01-28 09:51:07,0.71118534,"['USA', 'USD']","['CURRENCY_MOVEMENT', 'COMMODITY_PRECIOUS_METALS']"
Investors Assumed Medicare Advantage Was Safe Under the GOP. They Were Wrong.,https://www.wsj.com/politics/policy/investors-assumed-medicare-advantage-was-safe-under-the-gop-they-were-wrong-d6300cd4?mod=rss_markets_main,2026-01-28 10:30:00,-0.271792,[],[]
Wells Fargo Cuts Proxy Adviser Ties in Latest Blow to Industry,https://www.wsj.com/finance/banking/wells-fargo-proxy-adviser-iss-cc4851d6?mod=rss_markets_main,2026-01-28 11:00:00,-0.9212923,[],[]
Indonesian shares plunge after MSCI warns on market’s investability,https://www.ft.com/content/baf0b704-dd86-42e1-a6c3-d6bbba94fc3c,2026-01-28 11:17:32,-0.91950727,['INDONESIA'],['EQUITY_MARKET']
The Dollar Is Losing Buoyancy,https://www.wsj.com/finance/stocks/the-dollar-is-losing-buoyancy-44e50162?mod=rss_markets_main,2026-01-28 11:34:00,-0.9528036,"['USA', 'USD']",['CURRENCY_MOVEMENT']
Prosperity Bancshares to Acquire Stellar Bancorp in $2 Billion Deal,https://www.wsj.com/finance/banking/prosperity-bancshares-to-acquire-stellar-bancorp-in-2-billion-deal-4cf54bbb?mod=rss_markets_main,2026-01-28 12:07:00,0.07200545,[],['MERGERS_ACQUISITIONS']
Termites are slowly feasting away at the foundations of the dollar’s dominance,https://www.ft.com/content/093332b0-1502-4668-b4e1-32b7e30cb172,2026-01-28 14:25:05,-0.2978133,"['USA', 'USD']",['CURRENCY_MOVEMENT']
Bessent says Trump administration still pursuing ‘strong dollar policy’,https://www.ft.com/content/e3fd65cd-a319-4cc1-a74b-5daa7f63799c,2026-01-28 15:42:50,0.82517916,"['USA', 'USD']",['CURRENCY_MOVEMENT']
The precious metal feeding frenzy,https://www.ft.com/content/004ad702-c7d1-4f02-9f5d-9194d0dc668b,2026-01-28 16:24:54,0.0022079907,[],['COMMODITY_BASE_METALS']
Japan’s finance ministry isn’t a massive macro hedge fund,https://www.ft.com/content/b88a384a-4597-4f00-8266-d770ffcaee1e,2026-01-28 18:03:43,-0.012254709,['JAPAN'],[]
"Fed decision as it happened: Central bank holds interest rates steady, Powell signals no rush to loosen policy further as US economy powers ahead",https://www.ft.com/content/beaa0532-6c99-4a4d-b029-d1b5c8dccf51,2026-01-28 18:08:18,0.042041242,"['USA', 'FEDERAL_RESERVE']","['CENTRAL_BANK', 'FINANCIAL_SERVICES']"
Deutsche Bank Offices Searched by German Prosecutors in Money-Laundering Probe,https://www.wsj.com/business/deutsche-bank-offices-searched-by-german-prosecutors-93499c7b?mod=rss_markets_main,2026-01-28 18:16:00,-0.83973765,[],['FINANCIAL_SERVICES']
Illicit crypto flows surge to record $158bn,https://www.ft.com/content/36869e3e-35d9-4abd-8a41-a7d691be39b2,2026-01-28 18:44:09,0.87111825,[],['COMMODITY_CRYPTO']
"Ford, GM Step In to Fund First Brands as Lenders Balk",https://www.wsj.com/articles/ford-gm-step-in-to-fund-first-brands-as-lenders-balk-c681cd38?mod=rss_markets_main,2026-01-28 18:55:00,0.17545785,[],[]
What Is a Money Market Account?,https://www.wsj.com/buyside/personal-finance/banking/money-market-accounts?mod=rss_markets_main,2026-01-28 19:05:00,-0.06474006,[],[]
"Dollar holds gains against euro, yen after Fed stands pat on rates",https://www.investing.com/news/forex-news/dollar-holds-gains-against-euro-yen-after-fed-stands-pat-on-rates-4471069,2026-01-28 19:18:51,0.3176172,"['USA', 'JAPAN', 'EU', 'FRANCE', 'FEDERAL_RESERVE', 'USD', 'JPY', 'EUR']","['CENTRAL_BANK', 'CURRENCY_MOVEMENT']"
"Merz warns weak dollar hurts German exports, urges US to honor trade deal",https://www.investing.com/news/forex-news/merz-warns-weak-dollar-hurts-german-exports-urges-us-to-honor-trade-deal-93CH-4471103,2026-01-28 19:44:37,-0.7904266,"['USA', 'USD']","['CURRENCY_MOVEMENT', 'TRADE', 'MERGERS_ACQUISITIONS']"
Dollar rebounds as Fed holds rates steady,https://www.investing.com/news/forex-news/dollar-crumbles-after-trump-remarks-euro-yen-sterling-surge-4469095,2026-01-28 20:02:49,-0.5552535,"['USA', 'FEDERAL_RESERVE', 'USD']","['CENTRAL_BANK', 'CURRENCY_MOVEMENT']"
Metals surge boosts value of biggest mining groups by almost $500bn,https://www.ft.com/content/32ef3ff6-b356-49e3-8d7f-8039161c88b0,2026-01-28 21:00:09,0.90843236,[],[]
Federal Reserve signals no rush to cut rates as economy powers ahead,https://www.ft.com/content/561faeca-845a-4508-bbc2-a20489ac40f1,2026-01-28 21:08:14,-0.100615144,[],[]
Gold Breaks Record As Stocks Muddle Through Fed Pause,https://www.wsj.com/finance/stocks/global-stocks-markets-dow-news-01-28-2026-7ad4ba2a?mod=rss_markets_main,2026-01-28 22:06:00,-0.46036765,"['USA', 'FEDERAL_RESERVE']","['CENTRAL_BANK', 'EQUITY_MARKET', 'COMMODITY_PRECIOUS_METALS']"
Auto & Transport Roundup: Market Talk,https://www.wsj.com/business/earnings/auto-transport-roundup-market-talk-12fdfa72?mod=rss_markets_main,2026-01-28 22:09:00,0.021305367,[],[]
Health Care Roundup: Market Talk,https://www.wsj.com/business/health-care-roundup-market-talk-76913f76?mod=rss_markets_main,2026-01-28 22:12:00,0.025110673,[],[]
German Chancellor Merz says weak dollar a burden for German exports,https://www.investing.com/news/forex-news/german-chancellor-merz-says-weak-dollar-a-burden-for-german-exports-4471552,2026-01-28 22:18:40,-0.8709598,"['USA', 'USD']","['CURRENCY_MOVEMENT', 'TRADE']"
Opinion | The Perils of a Falling Trump Dollar,https://www.wsj.com/opinion/donald-trump-weak-dollar-economy-exchange-rates-101b278a?mod=rss_markets_main,2026-01-28 22:54:00,-0.6795065,"['USA', 'USD']",['CURRENCY_MOVEMENT']
"What the Slide in the Dollar Means for Trade, Travel and Investment",https://www.wsj.com/finance/currencies/what-the-slide-in-the-dollar-means-for-trade-travel-and-investment-ef02816d?mod=rss_markets_main,2026-01-28 23:00:00,-0.035547636,"['USA', 'USD']",['CURRENCY_MOVEMENT']
US crypto industry raises record war chest for midterm election campaigns,https://www.ft.com/content/78e8d1bd-f0d7-4a02-b30a-b1c4b810d364,2026-01-28 23:06:42,0.10756606,['USA'],"['COMMODITY_CRYPTO', 'GEOPOLITICAL_RISK']"
"S&P 500 tops 7,000 for first time",https://www.ft.com/content/321eb05e-47a5-454c-8c46-fa22b4296957,2026-01-29 00:06:30,0.09722343,[],[]
Fintech PicPay owned by Batista beef barons hits $2.5bn valuation in New York IPO,https://www.ft.com/content/b357dbde-be35-4d12-9c91-ab2011f3efca,2026-01-29 00:58:14,0.85155094,[],"['EQUITY_MARKET', 'FINANCIAL_SERVICES']"
"Gold Hits New High, Oil Rises as Iran Tensions Rekindle",https://www.wsj.com/finance/gold-hits-new-high-oil-rises-as-iran-tensions-rekindle-fc112871?mod=rss_markets_main,2026-01-29 03:13:00,0.79703945,['MIDDLE_EAST'],"['COMMODITY_ENERGY', 'COMMODITY_PRECIOUS_METALS', 'GEOPOLITICAL_RISK']"
Asia FX muted as dollar declines after Fed rate hold; yen intervention eyed,https://www.investing.com/news/forex-news/asia-fx-muted-as-dollar-declines-after-fed-rate-hold-yen-intervention-eyed-4471823,2026-01-29 03:57:50,-0.917675,"['USA', 'JAPAN', 'ASIA', 'FEDERAL_RESERVE', 'USD', 'JPY']","['CENTRAL_BANK', 'CURRENCY_MOVEMENT']"
The UK needs to press ahead with digital gilts plan,https://www.ft.com/content/f566f9c7-bd8b-4201-8692-1815dc47860f,2026-01-29 05:00:23,0.32095066,['UK'],['BOND_MARKET']
Malaysia ‘Mom-and-Pop’ Retailer Eyes $750 Million IPO Valuation,https://www.wsj.com/business/retail/malaysia-mom-and-pop-retailer-eyes-750-0-million-ipo-valuation-b96226f3?mod=rss_markets_main,2026-01-29 05:07:00,0.4016614,['MALAYSIA'],"['EQUITY_MARKET', 'FINANCIAL_SERVICES']"
Trump Deal to Avert Major Shutdown Set to Miss Funding Deadline,https://www.bloomberg.com/news/articles/2026-01-29/trump-democrats-make-some-progress-in-talks-to-avert-shutdown,2026-01-29 06:16:17,-0.8684501,['USA'],['MERGERS_ACQUISITIONS']
The Fed is done cutting until something changes,https://www.ft.com/content/0c3ef555-00ba-428b-bcf4-d34862788e7c,2026-01-29 06:30:03,-0.063237056,"['USA', 'FEDERAL_RESERVE']",['CENTRAL_BANK']
Coordinated Yen Intervention More Sugar Hit Than Long-Term Fix,https://www.wsj.com/finance/currencies/coordinated-yen-intervention-more-sugar-hit-than-long-term-fix-54a39ed3?mod=rss_markets_main,2026-01-29 07:43:00,-0.61462015,"['JAPAN', 'JPY']",['CURRENCY_MOVEMENT']
"Stock Market News for Jan. 29, 2026: Microsoft Leads Tech Selloff; Nasdaq Drops",https://www.wsj.com/livecoverage/stock-market-today-dow-sp-500-nasdaq-01-29-2026?mod=rss_markets_main,2026-01-29 08:36:09,-0.058276936,['USA'],"['EQUITY_MARKET', 'TECHNOLOGY']"
Indonesian stocks tumble as Goldman warning adds to MSCI concerns,https://www.ft.com/content/ae6fd19e-df76-4855-8a1c-2e1099a91851,2026-01-29 09:29:24,-0.9256045,['INDONESIA'],['EQUITY_MARKET']
"USD/INR hits record high, RBI likely intervenes",https://www.investing.com/news/forex-news/usdinr-hits-record-high-rbi-likely-intervenes-93CH-4472262,2026-01-29 10:22:55,0.61216056,['INDIA'],['CENTRAL_BANK']
Meta Overshadows Microsoft by Showing AI Payoff in Ad Business,https://www.wsj.com/tech/ai/meta-overshadows-microsoft-by-showing-ai-payoff-in-ad-business-39f392e0?mod=rss_markets_main,2026-01-29 10:30:00,-0.07958403,[],['TECHNOLOGY']
A Weaker Dollar Has Always Been Part of Trump’s Plan,https://www.wsj.com/finance/currencies/a-weaker-dollar-has-always-been-part-of-trumps-plan-733c9adc?mod=rss_markets_main,2026-01-29 10:30:00,0.017830111,"['USA', 'USD']",['CURRENCY_MOVEMENT']
Stocks Could Go on a Sugar High,https://www.wsj.com/finance/stocks/stocks-could-go-on-a-sugar-high-41e25991?mod=rss_markets_main,2026-01-29 11:29:00,-0.8170912,[],['EQUITY_MARKET']
The Agonizing Decline of One of Europe’s Core Industries,https://www.wsj.com/business/energy-oil/the-agonizing-decline-of-one-of-europes-core-industries-49d4231b?mod=rss_markets_main,2026-01-29 14:25:00,-0.90411717,['EU'],[]
Don’t bet on dollar dethronement,https://www.ft.com/content/a3262db1-73b7-4be6-9d02-d67dee0e9830,2026-01-29 14:26:49,0.014344141,"['USA', 'USD']",['CURRENCY_MOVEMENT']
"Factory orders surge, beating forecasts and reversing previous decline",https://www.investing.com/news/economic-indicators/factory-orders-surge-beating-forecasts-and-reversing-previous-decline-93CH-4473714,2026-01-29 15:02:21,0.81860155,[],[]
"Wholesale inventories align with forecasts, showing slower growth",https://www.investing.com/news/economic-indicators/wholesale-inventories-align-with-forecasts-showing-slower-growth-93CH-4473719,2026-01-29 15:04:12,-0.7895235,[],['ECONOMIC_DATA']
"Natural gas storage sees greater-than-expected decline, sparking bullish outlook",https://www.investing.com/news/economic-indicators/natural-gas-storage-sees-greaterthanexpected-decline-sparking-bullish-outlook-93CH-4473806,2026-01-29 15:32:26,-0.8705385,[],"['COMMODITY_ENERGY', 'CORPORATE_EARNINGS']"
"Why US stocks don’t care a jot about Greenland, trade wars or global aggro",https://www.ft.com/content/7e750810-ec88-4eee-8352-faf59f1fc1b3,2026-01-29 15:36:18,-0.10054604,['USA'],['EQUITY_MARKET']
US factory orders rebound in November on commercial aircraft demand,https://www.investing.com/news/economic-indicators/us-factory-orders-rebound-in-november-on-commercial-aircraft-demand-4473814,2026-01-29 15:36:30,0.5046971,['USA'],[]
US wholesale inventories increase again in November,https://www.investing.com/news/economic-indicators/us-wholesale-inventories-increase-again-in-november-4473817,2026-01-29 15:36:50,0.9074862,['USA'],[]
Mexico’s Sheinbaum says she had productive call with Trump on trade,https://www.investing.com/news/economic-indicators/mexicos-sheinbaum-says-she-had-productive-call-with-trump-on-trade-4473900,2026-01-29 16:00:48,0.053981923,['USA'],[]
Swiss exports to US rise in 2025 despite tariffs,https://www.investing.com/news/economic-indicators/swiss-exports-to-us-rise-in-2025-despite-tariffs-4474019,2026-01-29 16:37:07,0.9153698,"['USA', 'SWITZERLAND']",['TRADE']
SAP suffers biggest fall in five years amid concerns over cloud business,https://www.ft.com/content/9a8eddbb-9307-43cb-886c-9c94be46e890,2026-01-29 16:45:42,-0.9612103,[],[]
Dollar languishes near four-year lows after Fed stands pat; euro back below $1.20,https://www.investing.com/news/forex-news/dollar-stabilizes-near-lows-after-fed-stands-pat-euro-back-below-120-4472146,2026-01-29 17:10:31,-0.88447237,"['USA', 'EU', 'FRANCE', 'FEDERAL_RESERVE', 'USD', 'EUR']","['CENTRAL_BANK', 'CURRENCY_MOVEMENT']"
Trump Regulators Say They Are Ready to Lay Out Crypto Rules to Foster Growth,https://www.wsj.com/finance/currencies/trump-regulators-say-they-are-ready-to-lay-out-crypto-rules-to-foster-growth-9fab9d12?mod=rss_markets_main,2026-01-29 17:50:00,0.16474377,['USA'],"['COMMODITY_CRYPTO', 'ECONOMIC_DATA']"
How a BlackRock Loss Reignited Worries About What Is Hiding in Private Credit,https://www.wsj.com/finance/investing/how-a-blackrock-loss-reignited-worries-about-what-is-hiding-in-private-credit-d6e221ce?mod=rss_markets_main,2026-01-29 18:00:00,-0.6157298,[],"['BOND_MARKET', 'CORPORATE_EARNINGS', 'FINANCIAL_SERVICES']"
ECB’s Cipollone says digital euro needed for European autonomy,https://www.investing.com/news/forex-news/ecbs-cipollone-says-digital-euro-needed-for-european-autonomy-93CH-4474263,2026-01-29 19:23:26,0.46920732,"['EU', 'FRANCE', 'ECB', 'EUR']","['CENTRAL_BANK', 'CURRENCY_MOVEMENT']"
Gold demand hits record high on Trump policy doubts,https://www.bangkokpost.com/business/general/3186140/gold-demand-hits-record-high-on-trump-policy-doubts,2026-01-29 19:45:00+07:00,0.7823967,['USA'],['COMMODITY_PRECIOUS_METALS']
First Brands Founder Patrick James Charged With Defrauding Wall Street of Billions,https://www.wsj.com/articles/first-brands-founder-patrick-james-indicted-on-fraud-charges-f55e8cb2?mod=rss_markets_main,2026-01-29 20:40:00,-0.51725197,[],[]
Treasury Yields Fall as Officials Try to Avoid Shutdown,https://www.wsj.com/finance/investing/jgbs-edge-lower-tracking-declines-in-u-s-treasurys-5f0d007c?mod=rss_markets_main,2026-01-29 20:50:00,-0.9428593,[],['BOND_MARKET']
The incredible shrinking dollar,https://www.ft.com/content/89e88c16-3766-45f7-83b0-ff30264b4e8a,2026-01-29 21:00:00,-0.5923751,"['USA', 'USD']",['CURRENCY_MOVEMENT']
Blackstone’s Portfolio Data Helps Firm ‘See Through the Fog’ as It Invests,https://www.wsj.com/articles/blackstones-portfolio-data-helps-firm-see-through-the-fog-as-it-invests-af139843?mod=rss_markets_main,2026-01-29 21:05:00,0.5967405,[],[]
"US Treasury strengthens currency monitoring criteria, but finds no manipulation",https://www.investing.com/news/forex-news/us-treasury-strengthens-currency-monitoring-criteria-but-finds-no-manipulation-4474410,2026-01-29 21:06:51,0.10733256,['USA'],"['BOND_MARKET', 'CURRENCY_MOVEMENT']"
"Stocks Slip as Gold, Silver Hit New Records",https://www.wsj.com/finance/global-markets-u-s-futures-gain-as-precious-metals-rally-further-7824c961?mod=rss_markets_main,2026-01-29 21:15:00,-0.94957346,[],"['EQUITY_MARKET', 'COMMODITY_PRECIOUS_METALS']"
Microsoft sheds $360bn in market value as AI spending spooks investors,https://www.ft.com/content/c7e23f07-70b3-43a7-8e1d-040ca93d6d90,2026-01-29 21:15:12,-0.95936227,[],"['ECONOMIC_DATA', 'TECHNOLOGY']"
Basic Materials Roundup: Market Talk,https://www.wsj.com/business/basic-materials-roundup-market-talk-266e243e?mod=rss_markets_main,2026-01-29 21:52:00,0.022969112,[],[]
Financial Services Roundup: Market Talk,https://www.wsj.com/business/financial-services-roundup-market-talk-2ab14ec3?mod=rss_markets_main,2026-01-29 21:53:00,0.009039048,[],['ECONOMIC_DATA']
US Issues License for Oil Companies to Operate in Venezuela,https://www.bloomberg.com/news/articles/2026-01-29/us-issues-license-for-oil-companies-to-operate-in-venezuela,2026-01-29 21:55:52,0.12524049,['USA'],['COMMODITY_ENERGY']
Health Care Roundup: Market Talk,https://www.wsj.com/business/health-care-roundup-market-talk-06f1d919?mod=rss_markets_main,2026-01-29 21:57:00,0.025110673,[],[]
Microsoft Earnings Prompt Tech Stock Selloff,https://www.wsj.com/finance/stocks/microsoft-earnings-prompt-tech-stock-selloff-227edca1?mod=rss_markets_main,2026-01-29 22:19:00,-0.7892786,[],"['EQUITY_MARKET', 'CORPORATE_EARNINGS', 'TECHNOLOGY']"
Opinion | Lenders and the First Brands Fraud Charges,https://www.wsj.com/opinion/first-brands-indictment-lenders-patrick-james-580cf860?mod=rss_markets_main,2026-01-29 22:39:00,-0.60448736,[],[]
Stocks Drop With Bonds on Bets Warsh Will Lead Fed: Markets Wrap,https://www.bloomberg.com/news/articles/2026-01-29/stock-market-today-dow-s-p-live-updates,2026-01-29 22:40:22,-0.86592716,"['USA', 'FEDERAL_RESERVE']","['CENTRAL_BANK', 'BOND_MARKET', 'EQUITY_MARKET', 'COMMODITY_BASE_METALS']"
Adani Pivots to Local Debt With Goal of Raising $10 Billion,https://www.bloomberg.com/news/articles/2026-01-29/adani-pivots-to-local-debt-with-ambition-of-raising-10-billion,2026-01-29 23:00:00,0.7184623,[],['BOND_MARKET']
The WSJ Dollar Index Falls 0.15% to 93.88,https://www.wsj.com/finance/currencies/asian-currencies-mostly-strengthen-amid-fed-rate-cut-prospects-7b0ae056?mod=rss_markets_main,2026-01-29 23:28:00,-0.93762636,"['USA', 'USD']","['CURRENCY_MOVEMENT', 'EQUITY_MARKET']"
Gold Retreats as Reports on Trump’s Fed Nominee Boost Dollar,https://www.bloomberg.com/news/articles/2026-01-29/gold-resumes-rally-after-dropping-on-thursday-in-choppy-session,2026-01-29 23:29:58,-0.6237736,"['USA', 'FEDERAL_RESERVE', 'USD']","['CENTRAL_BANK', 'CURRENCY_MOVEMENT', 'COMMODITY_PRECIOUS_METALS']"
Oil Rally Hits Brakes But Trump’s Iran Focus Looms Over Market,https://www.bloomberg.com/news/articles/2026-01-29/latest-oil-market-news-and-analysis-for-jan-30,2026-01-29 23:38:57,0.101155475,"['USA', 'MIDDLE_EAST']",['COMMODITY_ENERGY']
Tokyo CPI inflation falls to near 4-year low in Jan,https://www.investing.com/news/economic-indicators/tokyo-cpi-inflation-falls-to-near-4year-low-in-jan-4474972,2026-01-29 23:55:07,-0.95656675,['JAPAN'],['INFLATION']
UK business confidence weakens as doubts grow over wider economy,https://www.investing.com/news/economic-indicators/uk-business-confidence-weakens-as-doubts-grow-over-wider-economy-4474982,2026-01-30 00:06:31,-0.9614465,['UK'],['ECONOMIC_DATA']
"First 90 days: Corruption, debt are key",https://www.bangkokpost.com/business/general/3186419/first-90-days-corruption-debt-are-key,2026-01-30 01:01:00+07:00,-0.10721478,[],['BOND_MARKET']
Bhumjaithai pitches special economic zone vision for Phuket,https://www.bangkokpost.com/business/general/3186374/bhumjaithai-pitches-special-economic-zone-vision-for-phuket,2026-01-30 01:01:00+07:00,0.080023974,[],[]
"SCG leans on AI, cost control in uncertain times",https://www.bangkokpost.com/business/general/3186319/scg-leans-on-ai-cost-control-in-uncertain-times,2026-01-30 01:01:00+07:00,0.1432162,[],['TECHNOLOGY']
Vietnam outshines Thai infrastructure,https://www.bangkokpost.com/business/general/3186314/vietnam-outshines-thai-infrastructure,2026-01-30 01:01:00+07:00,0.14977878,"['THAILAND', 'VIETNAM']",[]
Oil Prices Mixed; Lingering U.S.-Iran Tensions May Support,https://www.wsj.com/finance/commodities-futures/oil-prices-mixed-lingering-u-s-iran-tensions-may-support-397d3f64?mod=rss_markets_main,2026-01-30 01:19:00,-0.56102514,[],"['COMMODITY_ENERGY', 'GEOPOLITICAL_RISK']"
LME Trading Glitch Caps Wild Week for Global Metals Traders,https://www.bloomberg.com/news/articles/2026-01-30/london-metal-exchange-is-said-to-delay-market-opening,2026-01-30 01:25:54,-0.94045305,[],['COMMODITY_BASE_METALS']
"New World Shares, Bonds Jump as Blackstone in Talks for Stake",https://www.bloomberg.com/news/articles/2026-01-30/new-world-shares-jump-as-blackstone-is-said-to-be-in-stake-talks,2026-01-30 01:37:08,-0.10992515,[],"['BOND_MARKET', 'EQUITY_MARKET']"
Trump says he will announce Fed chair replacement on Friday morning,https://www.investing.com/news/economy-news/trump-says-he-will-announce-fed-chair-replacement-on-friday-morning-4475039,2026-01-30 01:38:19,-0.046954468,"['USA', 'FEDERAL_RESERVE']",['CENTRAL_BANK']
The Crypto CEO Who’s Become Enemy No. 1 on Wall Street,https://www.wsj.com/finance/currencies/coinbase-ceo-brian-armstrong-wall-street-a7895786?mod=rss_markets_main,2026-01-30 02:00:00,-0.061191373,[],['COMMODITY_CRYPTO']
Canada records big jump in trade deficit in November as US exports fall,https://www.investing.com/news/economy-news/canada-records-big-jump-in-trade-deficit-in-november-as-us-exports-fall-4475057,2026-01-30 02:00:34,0.5222538,['USA'],['TRADE']
Trump Warns UK on ‘Dangerous’ Moves After Xi-Starmer Talks,https://www.bloomberg.com/news/articles/2026-01-30/trump-warns-uk-on-dangerous-china-moves-after-xi-starmer-talks,2026-01-30 02:01:48,-0.68463033,"['USA', 'UK']",[]
Dollar Rises With US Yields as Trump Set to Choose Warsh for Fed,https://www.bloomberg.com/news/articles/2026-01-30/treasury-yields-rise-on-expectations-warsh-will-be-fed-chair,2026-01-30 02:09:41,0.27122885,"['USA', 'FEDERAL_RESERVE', 'USD']","['CENTRAL_BANK', 'CURRENCY_MOVEMENT']"
Gold’s Record Inflows From Asian ETFs Seen by Some as Warning,https://www.bloomberg.com/news/articles/2026-01-30/gold-s-record-inflows-from-asian-etfs-seen-by-some-as-warning,2026-01-30 02:17:31,0.79670405,['ASIA'],['COMMODITY_PRECIOUS_METALS']
Indonesia Exchange CEO Steps Down as MSCI Reform Pressure Mounts,https://www.bloomberg.com/news/articles/2026-01-30/indonesia-stock-exchange-ceo-resigns-after-market-rout,2026-01-30 02:20:19,-0.8191581,['INDONESIA'],[]
Bitcoin Slumps to Two-Month Low as US Funds Shed Billions,https://www.bloomberg.com/news/articles/2026-01-30/bitcoin-btc-slumps-to-two-month-low-as-us-funds-shed-billions,2026-01-30 02:25:46,-0.9446444,['USA'],['COMMODITY_CRYPTO']
Musk's SpaceX Said to Weigh Tie-Up With Tesla or xAI,https://www.bloomberg.com/news/videos/2026-01-30/musk-s-spacex-said-to-weigh-tie-up-with-tesla-or-xai-video,2026-01-30 02:33:40,0.06440223,[],[]
Former Fed Governor Warsh met with Trump on Thursday,https://www.investing.com/news/economy-news/former-fed-governor-warsh-met-with-trump-on-thursday-4475061,2026-01-30 02:36:32,0.05172002,"['USA', 'FEDERAL_RESERVE']",['CENTRAL_BANK']
India’s Defense Stocks Are Back in the Spotlight on EU Trade Pact,https://www.bloomberg.com/news/newsletters/2026-01-30/defense-stocks-in-spotlight-on-india-eu-trade-deal-labor-code-pangs-for-firms,2026-01-30 02:45:54,0.6697221,"['EU', 'INDIA']",['EQUITY_MARKET']
Singapore Dollar Weakens Amid Prospects of U.S. Government Avoiding Shutdown,https://www.wsj.com/finance/currencies/asian-currencies-consolidate-ongoing-u-s-iran-tensions-may-weigh-536f96e9?mod=rss_markets_main,2026-01-30 02:47:00,-0.9463957,"['USA', 'SINGAPORE', 'USD']",['CURRENCY_MOVEMENT']
American Airlines plans to resume US flights to Venezuela after Trump moves to open airspace,https://www.investing.com/news/stock-market-news/american-airlines-plans-to-resume-us-flights-to-venezuela-pending-government-approval-4474138,2026-01-30 02:48:27,-0.45587084,['USA'],[]
Australian Dollar Bulls Pile Into Options as Rate Hike Bets Grow,https://www.bloomberg.com/news/articles/2026-01-30/australian-dollar-bulls-pile-into-options-as-rate-hike-bets-grow,2026-01-30 02:55:37,-0.26762256,"['USA', 'AUSTRALIA', 'USD']","['CURRENCY_MOVEMENT', 'ECONOMIC_DATA']"
"Nine Entertainment to buy QMS Media for $599 mln, shares surge",https://www.investing.com/news/stock-market-news/nine-entertainment-to-buy-qms-media-for-599-mln-shares-surge-93CH-4475077,2026-01-30 02:59:42,0.036226556,[],['EQUITY_MARKET']
The GameStop CEO Has an Audacious Plan to Clinch His $35 Billion Payday,https://www.wsj.com/finance/stocks/gamestop-ceo-plans-e8440c4b?mod=rss_markets_main,2026-01-30 03:00:00,0.8326838,[],[]
Individual Investors Ride Gold and Silver Surge as Pros Miss Out,https://www.wsj.com/finance/commodities-futures/gold-silver-retail-investors-f1daa1f4?mod=rss_markets_main,2026-01-30 03:00:00,-0.7259059,[],['COMMODITY_PRECIOUS_METALS']
Hedge Fund Investors Renew China Appetite as US Interest Wanes,https://www.bloomberg.com/news/articles/2026-01-30/hedge-fund-investors-renew-china-appetite-as-us-interest-wanes,2026-01-30 03:01:35,0.5669277,"['USA', 'CHINA']",[]
"Chinalco, Rio Tinto to Buy Control of Brazilian Aluminum Maker",https://www.wsj.com/business/chinalco-rio-tinto-to-buy-controlling-stake-in-companhia-brasileira-de-aluminio-b1592515?mod=rss_markets_main,2026-01-30 03:15:00,0.23574363,[],['COMMODITY_BASE_METALS']
Instant View: Trump to announce his Fed chief pick on Friday,https://www.investing.com/news/economy-news/instant-view-trump-to-announce-his-fed-chief-pick-on-friday-4475082,2026-01-30 03:18:35,0.021965316,"['USA', 'FEDERAL_RESERVE']",['CENTRAL_BANK']
Malaysian Central Bank Rejects Using Ringgit to Help Exports,https://www.bloomberg.com/news/articles/2026-01-30/malaysia-won-t-use-ringgit-to-boost-exports-sees-currency-supported-by-growth,2026-01-30 03:28:41,-0.468903,['MALAYSIA'],"['CURRENCY_MOVEMENT', 'TRADE', 'FINANCIAL_SERVICES']"
"US lawmakers reach deal for govt spending, ICE debate continues- reports",https://www.investing.com/news/economy-news/us-lawmakers-reach-deal-for-govt-spending-ice-debate-continues-reports-4475086,2026-01-30 03:42:18,0.08880629,['USA'],"['ECONOMIC_DATA', 'MERGERS_ACQUISITIONS']"
Copper Sinks as Frenzy in China Ebbs at Close of Turbulent Week,https://www.bloomberg.com/news/articles/2026-01-30/copper-s-wild-week-ends-with-a-retreat-as-frenzy-in-china-ebbs,2026-01-30 03:42:35,-0.93390685,['CHINA'],['COMMODITY_BASE_METALS']
"China LNG Imports to Rise for Third Month, Kpler Estimates Show",https://www.bloomberg.com/news/articles/2026-01-30/china-lng-imports-to-rise-for-third-month-kpler-estimates-show,2026-01-30 03:45:28,0.93064785,['CHINA'],"['COMMODITY_ENERGY', 'TRADE']"
Japan’s Two-Year Bond Sale Draws Solid Demand as Yields Attract,https://www.bloomberg.com/news/articles/2026-01-30/japan-s-two-year-bond-sale-demand-stronger-than-12-month-average,2026-01-30 03:47:45,0.9228182,['JAPAN'],['BOND_MARKET']
"Asia stocks slip tracking Wall St slide, set for monthly gains; Tokyo CPI in focus",https://www.investing.com/news/stock-market-news/asia-stocks-slip-tracking-wall-st-slide-set-for-monthly-gains-tokyo-cpi-in-focus-4475088,2026-01-30 04:01:56,-0.9375968,"['JAPAN', 'ASIA']","['INFLATION', 'EQUITY_MARKET']"
"Gold Could Face Price Pressure, but Long-Term Outlook Positive",https://www.wsj.com/finance/commodities-futures/gold-rises-amid-ongoing-iran-tensions-7cdad827?mod=rss_markets_main,2026-01-30 04:02:00,-0.10672039,[],"['COMMODITY_PRECIOUS_METALS', 'CORPORATE_EARNINGS']"
The Asia Trade 1/30/2026,https://www.bloomberg.com/news/videos/2026-01-30/the-asia-trade-1-30-2026-video,2026-01-30 04:18:37,5.3521246e-05,['ASIA'],[]
Panama court voids CK Hutchison port contracts; shares drop,https://www.investing.com/news/stock-market-news/panama-court-voids-ck-hutchison-port-contracts-shares-drop-4475092,2026-01-30 04:19:51,-0.94049877,[],['EQUITY_MARKET']
Indo-MIM Is Said to Plan Seeking Up to $700 Million in India IPO,https://www.bloomberg.com/news/articles/2026-01-30/indo-mim-is-said-to-plan-seeking-up-to-700-million-in-india-ipo,2026-01-30 04:22:49,0.32982355,['INDIA'],"['EQUITY_MARKET', 'FINANCIAL_SERVICES']"
Oil plan presses ahead as E85 exits fuel mix,https://www.bangkokpost.com/business/general/3186554/oil-plan-presses-ahead-as-e85-exits-fuel-mix,2026-01-30 04:35:00+07:00,0.1704419,[],['COMMODITY_ENERGY']
Indonesia to Accelerate Market Reforms After MSCI Warning,https://www.bloomberg.com/news/articles/2026-01-30/indonesia-to-make-exchange-a-public-entity-boost-credibility,2026-01-30 04:43:18,0.88296765,['INDONESIA'],[]
Eldridge's Wachsberger Says Borrowing Costs Challenging,https://www.bloomberg.com/news/videos/2026-01-30/eldridge-s-wachsberger-says-borrowing-costs-challenging-video,2026-01-30 04:43:48,-0.51601505,[],[]
China’s factory activity expected to stall at start of new year: Reuters poll,https://www.investing.com/news/economic-indicators/chinas-factory-activity-expected-to-stall-at-start-of-new-year-reuters-poll-4475095,2026-01-30 04:54:56,-0.9245477,['CHINA'],[]
GeoPark to buy Frontera Energy’s Colombian assets for $375 mln,https://www.investing.com/news/stock-market-news/geopark-to-buy-frontera-energys-colombian-assets-for-375-mln-4475096,2026-01-30 04:55:38,0.08818832,[],['COMMODITY_ENERGY']
Ryan Reynolds’ Wrexham Tied Up in Collapse of FX Broker Argentex,https://www.bloomberg.com/news/articles/2026-01-30/ryan-reynolds-wrexham-tied-up-in-collapse-of-fx-broker-argentex,2026-01-30 05:00:00,-0.43276846,[],['CURRENCY_MOVEMENT']
Even London’s Ever-Optimistic Brokers See Gloom for Luxury Homes,https://www.bloomberg.com/news/articles/2026-01-30/even-london-s-ever-optimistic-brokers-see-gloom-for-luxury-homes,2026-01-30 05:00:00,-0.8915364,['UK'],[]
Hedge funds’ correlation with stocks sparks fears over lack of crash protection,https://www.ft.com/content/8c1d9cfe-1d8f-45d5-9ab1-57fb203a170c,2026-01-30 05:00:19,-0.70994437,[],['EQUITY_MARKET']
Emerging markets make roaring start to 2026 as dollar slides,https://www.ft.com/content/bba310b2-af62-4460-83ed-63cfcc110f1f,2026-01-30 05:00:19,0.6162545,"['USA', 'USD']",['CURRENCY_MOVEMENT']
Europe needs to put its money where its mouth is,https://www.ft.com/content/1ad4c559-ef18-4a11-8cd0-8e880f25a29f,2026-01-30 05:00:19,0.004486084,['EU'],[]
All about the euro: Five questions for the ECB,https://www.investing.com/news/economy-news/all-about-the-euro-five-questions-for-the-ecb-4475099,2026-01-30 05:07:37,0.027384048,"['EU', 'FRANCE', 'ECB', 'EUR']","['CENTRAL_BANK', 'CURRENCY_MOVEMENT']"
Asia FX muted but heads for Jan gains; dollar steadies with Fed chair in focus,https://www.investing.com/news/forex-news/asia-fx-muted-but-heads-for-jan-gains-dollar-rebounds-from-4yr-low-4475100,2026-01-30 05:11:32,0.26987407,"['USA', 'ASIA', 'FEDERAL_RESERVE', 'USD']","['CENTRAL_BANK', 'CURRENCY_MOVEMENT']"
Bitcoin slips as Fed chair speculation hits risky assets,https://www.investing.com/news/economy-news/bitcoin-slips-as-fed-chair-speculation-hits-risky-assets-4475101,2026-01-30 05:12:47,-0.88297075,"['USA', 'FEDERAL_RESERVE']","['CENTRAL_BANK', 'COMMODITY_CRYPTO']"
Invesco’s Yang on Potential Fed Chair Nominee,https://www.bloomberg.com/news/videos/2026-01-30/fiona-yang-on-potential-fed-chair-nominee-video,2026-01-30 05:17:58,-0.040675744,"['USA', 'FEDERAL_RESERVE']",['CENTRAL_BANK']
Trump to announce Fed chair pick Friday after meeting Warsh,https://www.investing.com/news/economy-news/trump-plans-to-announce-his-fed-chairman-choice-next-week-4474139,2026-01-30 05:18:49,-0.0024554208,"['USA', 'FEDERAL_RESERVE']",['CENTRAL_BANK']
"Abu Dhabi to Consolidate Wealth Fund ADQ, L’imad Assets",https://www.bloomberg.com/news/articles/2026-01-30/abu-dhabi-to-consolidate-wealth-fund-adq-l-imad-assets,2026-01-30 05:19:14,0.084401794,[],[]
"Panama court voids CK Hutchison port contracts, clouding sales plan",https://www.investing.com/news/stock-market-news/panama-court-voids-ck-hutchison-port-contracts-4475087,2026-01-30 05:24:33,-0.9571589,[],[]
Australia stocks lower at close of trade; S&P/ASX 200 down 0.65%,https://www.investing.com/news/stock-market-news/australia-stocks-lower-at-close-of-trade-spasx-200-down-065-4475102,2026-01-30 05:30:03,-0.96066695,['AUSTRALIA'],['EQUITY_MARKET']
London Metal Exchange resumes trading after one-hour technical delay,https://www.investing.com/news/stock-market-news/london-metal-exchange-resumes-trading-after-onehour-technical-delay-93CH-4475103,2026-01-30 05:30:21,-0.18654805,['UK'],['COMMODITY_BASE_METALS']
"Trump’s Fed nomination to ease market uncertainty, all eyes on Warsh",https://www.investing.com/news/economy-news/trumps-fed-nomination-to-ease-market-uncertainty-all-eyes-on-warsh-4475098,2026-01-30 05:30:36,0.11243501,"['USA', 'FEDERAL_RESERVE']",['CENTRAL_BANK']
Australia says US price floor backdown won’t derail its critical minerals strategy,https://www.investing.com/news/stock-market-news/australia-says-us-price-floor-backdown-wont-derail-its-critical-minerals-strategy-4475104,2026-01-30 05:30:55,-0.59995514,"['USA', 'AUSTRALIA']",[]
JGBs Mostly Rise After Two-Year Auction’s Strong Outcome,https://www.wsj.com/finance/investing/jgb-futures-edge-higher-tracking-price-gains-in-u-s-treasury-market-7c0e31e6?mod=rss_markets_main,2026-01-30 05:34:00,0.5013508,[],['BOND_MARKET']
Groww Among Bidders for Prudential’s India Asset Management Firm,https://www.bloomberg.com/news/articles/2026-01-30/groww-among-bidders-for-prudential-s-india-asset-management-firm,2026-01-30 05:40:34,0.40452078,['INDIA'],[]
London Metal Exchange Resumes Trade After Technical Glitch,https://www.wsj.com/finance/commodities-futures/london-metal-exchange-resumes-trade-after-technical-glitch-37c2db93?mod=rss_markets_main,2026-01-30 05:42:00,-0.7597249,['UK'],['COMMODITY_BASE_METALS']
Morning Bid: Be careful what you Warsh for,https://www.investing.com/news/economy-news/morning-bid-be-careful-what-you-warsh-for-4475111,2026-01-30 05:54:26,-0.006978348,[],['MERGERS_ACQUISITIONS']
"Factbox-UBS raises gold price target to $6,200/oz",https://www.investing.com/news/stock-market-news/factboxubs-raises-gold-price-target-to-6200oz-4475115,2026-01-30 05:54:43,0.60760176,[],['COMMODITY_PRECIOUS_METALS']
Indonesia’s stock exchange head quits after market turmoil,https://www.ft.com/content/0d1f2a55-1425-475b-a0b7-0612287aa40b,2026-01-30 06:08:01,-0.9139478,['INDONESIA'],"['EQUITY_MARKET', 'GEOPOLITICAL_RISK']"
Crypto-backed loans allowed on novel Thai platform,https://www.bangkokpost.com/business/general/3186439/cryptobacked-loans-allowed-on-novel-thai-platform,2026-01-30 06:10:00+07:00,0.0127871,['THAILAND'],[]
"Jaymart, Singer eye larger slice of B100bn smartphone market",https://www.bangkokpost.com/business/general/3186579/jaymart-singer-eye-larger-slice-of-b100bn-smartphone-market,2026-01-30 06:18:00+07:00,0.23850867,[],[]
US adds Thailand to currency watchlist,https://www.bangkokpost.com/business/general/3186590/us-adds-thailand-to-currency-watchlist,2026-01-30 07:25:00+07:00,0.09031256,"['USA', 'THAILAND']",['CURRENCY_MOVEMENT']
Singapore's aviation showcase to reflect region's defence uncertainties and growth ambitions,https://www.bangkokpost.com/business/general/3186733/singapores-aviation-showcase-to-reflect-regions-defence-uncertainties-and-growth-ambitions,2026-01-30 12:46:00+07:00,0.42221323,[],['ECONOMIC_DATA']
